<?xml version="1.0"?>
<stylesheetinfo>
	<category>MultipleDataSources</category>
	<subcategory/>
	<stylesheetname>ParsedEntity</stylesheetname>
	<heading>Combining Multiple XML Documents as a Parsed Entity.</heading>
	<description>This example demonstrates how to combine multiple XML documents as a reference to one or more parsed entities.  In this example, each XML document is represented as a parsed entity, which is referenced in the dtd.   The entities are combined in the ParsedEntity.xml document and are transformed to HTML using the ParsedEntity.xsl file, which also uses the DisplayProds template to format the HTML data. NOTE: This example was originally inspired by Jeni Tennison (www.jenitennison.com).</description>
	<xslelements>
		<xslelement elementname="xsl:call-template"/>
		<xslelement elementname="xsl:with-param"/>
		<xslelement elementname="xsl:for-each"/>
		<xslelement elementname="xsl:value-of"/>
		<xslelement elementname="xsl:param"/>
	</xslelements>
	<creationdate>06/20/2001</creationdate>
	<author>David Silverlight</author>
	<emails>
		<email>DSilverlight@Infoteria.com</email>
		<email>HeadGeek@xmlpitstop.com</email>
		<email>DavidSilverlight@hotmail.com</email>
	</emails>
</stylesheetinfo>

