<?xml version="1.0"?>
<stylesheetinfo>
	<category>MultipleDataSources</category>
	<subcategory/>
	<stylesheetname>DocumentWithNodeset</stylesheetname>
	<heading>Combining Multiple XML Documents and accessing them through the document function.</heading>
	<description>This stylsheet demonstrates how to combine multiple XML documents into a single data source.  In this example, the document names are stored as an attribute value.  The stylesheet that combines the data first accesses each XML Document name using the document() function (demonstrating also how an xPath query can be applied to the document) and displays each document as HTML using the DisplayProds template.  Note: This example was originally inspired by Kurt Cagle (http://www.KurtCagle.net).</description>
	<xslelements>
		<xslelement elementname="xsl:template"/>
		<xslelement elementname="xsl:for-each"/>
		<xslelement elementname="xsl:copy-of"/>
		<xslelement elementname="document()"/>
		<xslelement elementname="xsl:variable"/>
	</xslelements>
	<creationdate>06/20/2001</creationdate>
	<author>David Silverlight</author>
	<emails>
		<email>DSilverlight@Infoteria.com</email>
		<email>HeadGeek@xmlpitstop.com</email>
		<email>DavidSilverlight@hotmail.com</email>
	</emails>
</stylesheetinfo>
