<?xml version="1.0"?>
<stylesheetinfo>
	<category>DataFormatting</category>
	<subcategory>String Functions</subcategory>
	<styelsheetname>EmployeeStringFuncs</styelsheetname>
	<heading>String Formatting Functions</heading>
	<description>This stylsheet demonstrates how various string functions (string-length, substring-before, substring-after, concat) can be used to extract specific portions of your string data..</description>
	<creationdate>05/16/2001</creationdate>
	<xslelements>
		<xslelement elementname="xsl:value-of"/>
		<xslelement elementname="format-number()"/>
		<xslelement elementname="number()"/>			
	</xslelements>
	<author>David Silverlight</author>
	<emails>
		<email>DSilverlight@Infoteria.com</email>
		<email>HeadGeek@xmlpitstop.com</email>
		<email>DavidSilverlight@hotmail.com</email>
	</emails>
</stylesheetinfo>
