<?xml version='1.0' encoding='utf-8' ?>
<products region="NorthWest">
	<product>
		<prodid>L930389</prodid>
		<name>Tobshiba Portable DVD Player</name>
		<price>$1,299</price>
		<quantity>30</quantity>
	</product>
	<product>
		<prodid>V123049</prodid>
		<name>Screen-Top Monitor Shelf</name>
		<price>$59</price>
		<quantity>30</quantity>
	</product>
	<product>
		<prodid>M382932</prodid>
		<name>CD Visor Organizer</name>
		<price>$19</price>
		<quantity>129</quantity>
	</product>
	<product>
		<prodid>Q3929302</prodid>
		<name>Digital Tire Guage</name>
		<price>$40</price>
		<quantity>623</quantity>
	</product>
	<product>
		<prodid>P9392393</prodid>
		<name>Personalized Travel Mug</name>
		<price>$30</price>
		<quantity>3,230</quantity>
	</product>
	<product>
		<prodid>P8228829</prodid>
		<name>Auto Map Light</name>
		<price>$18</price>
		<quantity>129</quantity>
	</product>
	<product>
		<prodid>Y7829232</prodid>
		<name>PowerTip Signal Booser</name>
		<price>$19</price>
		<quantity>299</quantity>
	</product>
	<product>
		<prodid>M7382393</prodid>
		<name>Star Gazer Watch Pendant</name>
		<price>$30</price>
		<quantity>1,198</quantity>
	</product>
	<product>
		<prodid>L2329303</prodid>
		<name>Personalized Credit Card Lighter</name>
		<price>$20</price>
		<quantity>2,450</quantity>
	</product>
	<product>
		<prodid>E2930230</prodid>
		<name>Manicure Set</name>
		<price>$30</price>
		<quantity>299</quantity>
	</product>
	<product>
		<prodid>I3029320</prodid>
		<name>Backgammon Box game set</name>
		<price>$55</price>
		<quantity>3,450</quantity>
	</product>
</products>
