<?xml version='1.0' encoding='utf-8' ?>
<products region="Southwest">
	<product>
		<prodid>V123049</prodid>
		<name>Bendable Sunglasses</name>
		<price>$30</price>
		<quantity>1,030</quantity>
	</product>
	<product>
		<prodid>C039890</prodid>
		<name>Sports Wrist Watch</name>
		<price>$60</price>
		<quantity>1,430</quantity>
	</product>
	<product>
		<prodid>M392829</prodid>
		<name>AutoPilot Road Navigator</name>
		<price>$19</price>
		<quantity>129</quantity>
	</product>
	<product>
		<prodid>D190315</prodid>
		<name>StealthFinder GPS for Laptop</name>
		<price>$100</price>
		<quantity>45</quantity>
	</product>
	<product>
		<prodid>E938393</prodid>
		<name>Frye Folding Leather Shopper</name>
		<price>$89</price>
		<quantity>230</quantity>
	</product>
	<product>
		<prodid>V392839</prodid>
		<name>Pachislo Slot Machine</name>
		<price>$595</price>
		<quantity>95</quantity>
	</product>
	<product>
		<prodid>K928379</prodid>
		<name>Sterling Cross Necklace</name>
		<price>$100</price>
		<quantity>329</quantity>
	</product>
	<product>
		<prodid>I303920</prodid>
		<name>World Time Calculator</name>
		<price>$30</price>
		<quantity>698</quantity>
	</product>
	<product>
		<prodid>U3923839</prodid>
		<name>Rock n Roll Supercart</name>
		<price>$150</price>
		<quantity>200</quantity>
	</product>
	<product>
		<prodid>V667320</prodid>
		<name>Battery Pack</name>
		<price>$20</price>
		<quantity>178</quantity>
	</product>
	<product>
		<prodid>V392039</prodid>
		<name>Womens Bracelet Watch</name>
		<price>$175</price>
		<quantity>335</quantity>
	</product>
</products>
