<?xml version="1.0"?>
<stylesheetinfo>
	<category>XMLtoXML</category>
	<subcategory/>
	<stylesheetname>CreateSubsetFiltered</stylesheetname>
	<heading>Creating attributes from a filtered set of elements</heading>
	<description>This stylsheet will create an output of a filtered subset of attributes.  Each element generated will contain only specific attributes for elements where country = "germany".</description>
	<xslelements>
		<xslelement elementname="xsl:attribute"/>
		<xslelement elementname="xsl:value-of"/>
		<xslelement elementname="xsl:apply-templates"/>
	</xslelements>
	<creationdate>05/16/2001</creationdate>
	<author>David Silverlight</author>
	<emails>
		<email>DSilverlight@Infoteria.com</email>
		<email>HeadGeek@xmlpitstop.com</email>
		<email>DavidSilverlight@hotmail.com</email>
	</emails>
</stylesheetinfo>