<?xml version="1.0"?>
<stylesheetinfo>
	<category>XSLTfuncs</category>
	<subcategory>xsl:message</subcategory>
	<stylesheetname>SpokenLanguageMessage</stylesheetname>
	<heading>Displaying a message to the user.</heading>
	<description>This stylesheet demonstrates the use of xsl:message to display a message
	to the user based on a condition.  In this stylesheet, an user-friendly error message is displayed when a 
	language that can not be handled is found.</description>
	<xslelements>
		<xslelement elementname="xsl:element"/>
		<xslelement elementname="xsl:message"/>
		<xslelement elementname="xsl:for-each"/>
		<xslelement elementname="xsl:value-of"/>
		<xslelement elementname="xsl:choose"/>
		<xslelement elementname="xsl:when"/>
		<xslelement elementname="xsl:otherwise"/>

		
	</xslelements>
	<creationdate>05/16/2001</creationdate>
	<author>David Silverlight</author>
	<emails>
		<email>DSilverlight@Infoteria.com</email>
		<email>HeadGeek@xmlpitstop.com</email>
		<email>DavidSilverlight@hotmail.com</email>
	</emails>
</stylesheetinfo>