<?xml version="1.0"?>
<stylesheetinfo>
	<category>XSLTfuncs</category>
	<subcategory>xsl:for-each</subcategory>
	<stylesheetname>ListEmployees</stylesheetname>
	<heading>Using for-each to display xml as html</heading>
	<description>This stylesheet demonstrates the use of xsl:for-each to convert a set of elements to an HTML table</description>
	<xslelements>
		<xslelement elementname="xsl:element"/>
		<xslelement elementname="xsl:variable"/>
		<xslelement elementname="xsl:for-each"/>
		<xslelement elementname="xsl:value-of"/>
	</xslelements>
	<creationdate>05/16/2001</creationdate>
	<author>David Silverlight</author>
	<emails>
		<email>DSilverlight@Infoteria.com</email>
		<email>HeadGeek@xmlpitstop.com</email>
		<email>DavidSilverlight@hotmail.com</email>
	</emails>
</stylesheetinfo>