<?xml version='1.0' encoding='utf-8' ?>
<stylesheetinfo>
	<category>XMLtoXML</category>
	<subcategory/>
	<stylesheetname>AttrToElem</stylesheetname>
	<heading>Converting attributes to Elements.</heading>
	<description>This stylsheet will convert an xml file that is attribute-based to one that is element-based.
	In this stylesheet, the original customer elements are represented as a series of attributes. The output of this transformation
	will be a number of child elements, one for each attribute.</description>
	<xslelements>
		<xslelement elementname="xsl:element"/>
		<xslelement elementname="{} shorthand"/>
		<xslelement elementname="xsl:for-each"/>
		<xslelement elementname="xsl:value-of"/>
	</xslelements>
	<creationdate>05/16/2001</creationdate>
	<author>David Silverlight</author>
	<emails>
		<email>DSilverlight@Infoteria.com</email>
		<email>HeadGeek@xmlpitstop.com</email>
		<email>DavidSilverlight@hotmail.com</email>
	</emails>
</stylesheetinfo>
