<?xml version="1.0"?>
<stylesheetinfo>
	<category>XSLTfuncs</category>
	<subcategory>xsl:comment</subcategory>
	<stylesheetname>ListEmployeesWithComment</stylesheetname>
	<heading>Inserting comments in HTML output</heading>
	<description>This stylesheet demonstrates the use of xsl:comment to convert a set of elements to an HTML table. As part of the html output, comments will be placed within the HTML.  To see the comment, view the source of this HTML.</description>
	<xslelements>
		<xslelement elementname="xsl:comment"/>
		<xslelement elementname="xsl:value-of"/>
		<xslelement elementname="xsl:for-each"/>
	</xslelements>
	<creationdate>05/16/2001</creationdate>
	<author>David Silverlight</author>
	<emails>
		<email>DSilverlight@Infoteria.com</email>
		<email>HeadGeek@xmlpitstop.com</email>
		<email>DavidSilverlight@hotmail.com</email>
	</emails>
</stylesheetinfo>