<?xml version="1.0"?>
<stylesheetinfo>
	<category>XSLTfuncs</category>
	<subcategory>xsl:output</subcategory>
	<stylesheetname>EmployeesToText</stylesheetname>
	<heading>Displaying transformation output as Text.</heading>
	<description>This stylesheet processes a set of XML elements and creates a resulting text file.  This is accomplished using the output method of Text as shown above.  In this example, we are taking the original xml elements and creating delimited text document sorted by name.</description>
	<xslelements>
		<xslelement elementname="xsl:for-each"/>
		<xslelement elementname="xsl:value-of"/>
		<xslelement elementname="xsl:sort"/>
	</xslelements>
	<creationdate>05/16/2001</creationdate>
	<author>David Silverlight</author>
	<emails>
		<email>DSilverlight@Infoteria.com</email>
		<email>HeadGeek@xmlpitstop.com</email>
		<email>DavidSilverlight@hotmail.com</email>
	</emails>
</stylesheetinfo>