<?xml version='1.0' encoding='utf-8' ?>
<stylesheetinfo>
	<category>TableFormatting</category>
	<subcategory>AlternatingRows</subcategory>
	<stylesheetname>AlternatingRows</stylesheetname>
	<heading>Customer Listing (in alternating row colors)</heading>
	<description>This XSLT file will display rows of data in an HTML table,  displaying every alternate row in a different color.</description>
	<xslelements>
		<xslelement elementname="xsl:value-of"/>
		<xslelement elementname="xsl:for-each"/>
		<xslelement elementname="xsl:choose"/>
		<xslelement elementname="count()"/>
		<xslelement elementname="position()"/>
	</xslelements>
	<creationdate>05/16/2001</creationdate>
	<author>David Silverlight</author>
	<emails>
		<email>DSilverlight@Infoteria.com</email>
		<email>HeadGeek@xmlpitstop.com</email>
		<email>DavidSilverlight@hotmail.com</email>
	</emails>
</stylesheetinfo>
