<?xml version="1.0"?>
<stylesheetinfo>
	<category>XSLTfuncs</category>
	<subcategory>xsl:copy-of</subcategory>
	<stylesheetname>CopyOfEmployees</stylesheetname>
	<heading>Copying Elements</heading>
	<description>This stylesheet processes a set of XML elements and displays the result in XML.  The copy-of element will copy the results of each employee element into the result tree.  In this example, we are taking the original xml elements and creating a new xml document sorted by name</description>
	<xslelements>
		<xslelement elementname="xsl:sort"/>
		<xslelement elementname="xsl:copy-of"/>
		<xslelement elementname="xsl:for-each"/>
	</xslelements>
	<creationdate>05/16/2001</creationdate>
	<author>David Silverlight</author>
	<emails>
		<email>DSilverlight@Infoteria.com</email>
		<email>HeadGeek@xmlpitstop.com</email>
		<email>DavidSilverlight@hotmail.com</email>
	</emails>
</stylesheetinfo>