<?xml version="1.0"?>
<stylesheetinfo>
	<category>XMLtoXML</category>
	<subcategory>ElemToAttr</subcategory>
	<stylesheetname>StatesElemToAttr</stylesheetname>
	<heading>Converting elements to attributes</heading>
	<description>This stylsheet will convert an xml file that is element-based to one that is attribute-based.
	In this stylesheet, the original state elements will be transformed to attributes.</description>
	<xslelements>
		<xslelement elementname="xsl:element"/>
		<xslelement elementname="xsl:attribute"/>
		<xslelement elementname="{} shorthand"/>
		<xslelement elementname="xsl:for-each"/>
		<xslelement elementname="xsl:value-of"/>
		<xslelement elementname="name()"/>
	</xslelements>
	<creationdate>05/16/2001</creationdate>
	<author>David Silverlight</author>
	<emails>
		<email>DSilverlight@Infoteria.com</email>
		<email>HeadGeek@xmlpitstop.com</email>
		<email>DavidSilverlight@hotmail.com</email>
	</emails>
</stylesheetinfo>