<?xml version="1.0"?>
<stylesheetinfo>
	<category>Recursion</category>
	<subcategory/>
	<stylesheetname>ShowTrim</stylesheetname>
	<heading>Employee listing with leading and trailing spaces removed.</heading>
	<description>This stylsheet demonstrates recursion by removing the leading and trailing spaces from an element. Note: Since the	output is in HTML, you will need to view the source of the HTML to see the differences bewtween the trimmed and non-trimmed values.</description>
	<xslelements>
		<xslelement elementname="xsl:element"/>
		<xslelement elementname="xsl:call-template"/>
		<xslelement elementname="xsl:with-param"/>
		<xslelement elementname="xsl:value-of"/>
	</xslelements>
	<creationdate>05/16/2001</creationdate>
	<author>David Silverlight</author>
	<emails>
		<email>DSilverlight@Infoteria.com</email>
		<email>HeadGeek@xmlpitstop.com</email>
		<email>DavidSilverlight@hotmail.com</email>
	</emails>
</stylesheetinfo>