<?xml version="1.0"?>
<stylesheetinfo>
	<category>XMLtoXML</category>
	<subcategory/>
	<stylesheetname>CreateElemSubset</stylesheetname>
	<heading>Creating a subset of elements</heading>
	<description>This stylsheet will create an output of a subset of elements from an attribute-based xml file.  The output elements will be a subset of the original customer elements, containing only the CompanyName, CustomerID and Country elements.</description>
	<xslelements>
		<xslelement elementname="xsl:value-of"/>
	</xslelements>
	<creationdate>05/16/2001</creationdate>
	<author>David Silverlight</author>
	<emails>
		<email>DSilverlight@Infoteria.com</email>
		<email>HeadGeek@xmlpitstop.com</email>
		<email>DavidSilverlight@hotmail.com</email>
	</emails>
</stylesheetinfo>