<?xml version="1.0"?>
<stylesheetinfo>
	<category>MultipleDataSources</category>
	<subcategory>XML</subcategory>
	<stylesheetname>DocumentAsAttributeXML</stylesheetname>
	<heading>Combining Multiple XML Documents using document names as attributes</heading>
	<description>This stylsheet demonstrates how to combine multiple XML documents into a single data source.  In this example, the name of the xml document is stored as an attribute value.  The document() function is used in the stylesheet to create an instance of each xml document.The end result of the transformation is a combination of all of the input XML documents into a single XML document.</description>
	<xslelements>
		<xslelement elementname="xsl:template"/>
		<xslelement elementname="xsl:for-each"/>
		<xslelement elementname="xsl:copy-of"/>
		<xslelement elementname="document()"/>
	</xslelements>
	<creationdate>06/20/2001</creationdate>
	<author>David Silverlight</author>
	<emails>
		<email>DSilverlight@Infoteria.com</email>
		<email>HeadGeek@xmlpitstop.com</email>
		<email>DavidSilverlight@hotmail.com</email>
	</emails>
</stylesheetinfo>
