<?xml version="1.0"?>
<stylesheetinfo>
	<category>XSLTfuncs</category>
	<subcategory>xsl:output</subcategory>
	<stylesheetname>EmployeesToHTML</stylesheetname>
	<heading>Displaying transformation output as HTML.</heading>
	<description>This stylesheet processes a set of XML elements and 
	displays the result in HTML.  This is accomplished using the output method of HTML.</description>
	<xslelements>
		<xslelement elementname="xsl:for-each"/>
		<xslelement elementname="xsl:value-of"/>		
	</xslelements>
	<creationdate>05/16/2001</creationdate>
	<author>David Silverlight</author>
	<emails>
		<email>DSilverlight@Infoteria.com</email>
		<email>HeadGeek@xmlpitstop.com</email>
		<email>DavidSilverlight@hotmail.com</email>
	</emails>
</stylesheetinfo>