<?xml version="1.0" standalone="no"?>

<!--
   Student Name: Aaron Anderson
   LAB 5.1
   07/06/2015
   File References: lab5x1.xsl
-->

<?xml-stylesheet type="text/xsl" href="lab5x1.xsl" ?>

<customers>

	<customer>
   	<number>09288</number>
   	<name type="individual">
   		<lastname prefix="Mr.">Tyrebiter</lastname>
   		<firstname>George</firstname>
   		<middle_initial>L</middle_initial>
   	</name>
   	<address>
   		<street>123 Playa</street>
   		<apartment>Numero Uno</apartment>
   		<locality>
   			<city>San Blas</city>
   			<state>San Blas</state>
   			<zip>9872344</zip>
   		</locality>
   		<country>Mexico</country>
   	</address>
   	<created_date>
   		<month>09</month>
   		<day>18</day>
   		<year>1997</year>
   	</created_date>
   	<current_balance>123.45</current_balance>
   </customer>

   <customer>
   	<number>22943</number>
   	<name type="individual">
   		<lastname prefix="Ms.">Chida</lastname>
   		<firstname>Momoko</firstname>
   		<middle_initial>W</middle_initial>
   	</name>
   	<address>
   		<street>9483 Toshokan</street>
   		<apartment>2314</apartment>
   		<locality>
   			<city>Nakajo</city>
   			<state>Niigata</state>
   			<zip>0298422</zip>
   		</locality>
   		<country>Japan</country>
   	</address>
   	<created_date>
   		<month>03</month>
   		<day>09</day>
   		<year>1992</year>
   	</created_date>
   	<current_balance>246.00</current_balance>
   </customer>

</customers>