<?xml version='1.0' ?>
<employees>
  <employee><employeename>John Smith</employeename><department>Internet</department>
    <computerlanguages>
      <computerlanguage>VB</computerlanguage>
      <computerlanguage>ASP</computerlanguage>
      <computerlanguage>HTML</computerlanguage>
      <computerlanguage>XML</computerlanguage>
    </computerlanguages>
  </employee>
  <employee><employeename>Bill Jones</employeename><department>Accounting</department>
    <computerlanguages>
      <computerlanguage>ASP</computerlanguage>
      <computerlanguage>HTML</computerlanguage>
    </computerlanguages>
  </employee>
  <employee><employeename>Richard Manning</employeename><department>Internet</department>
    <computerlanguages>
      <computerlanguage>XML</computerlanguage>
      <computerlanguage>ASP</computerlanguage>
      <computerlanguage>HTML</computerlanguage>
    </computerlanguages>
  </employee>
  <employee><employeename>Jack Simmons</employeename><department>Support</department>
    <computerlanguages>
      <computerlanguage>HTML</computerlanguage>
    </computerlanguages>
  </employee>
  <employee><employeename>Walter Jackson</employeename><department>Internet</department>
    <computerlanguages>
      <computerlanguage>ASP</computerlanguage>
    </computerlanguages>
  </employee>
  <employee><employeename>Bill Ratford</employeename><department>Sales</department>
    <computerlanguages>
      <computerlanguage>COBOL</computerlanguage>
      <computerlanguage>HTML</computerlanguage>
    </computerlanguages>
  </employee>
  <employee><employeename>Bill Snakeson</employeename><department>Sales</department>
    <computerlanguages>
      <computerlanguage>HTML</computerlanguage>
      <computerlanguage>XML</computerlanguage>
    </computerlanguages>
  </employee>
  <employee><employeename>Jessy Hammonds</employeename><department>Internet</department>
    <computerlanguages>
      <computerlanguage>XSL</computerlanguage>
      <computerlanguage>XML</computerlanguage>
      <computerlanguage>HTML</computerlanguage>
    </computerlanguages>
  </employee>
  <employee><employeename>Mark Garmand</employeename><department>Research</department>
    <computerlanguages>
      <computerlanguage>HTML</computerlanguage>
      <computerlanguage>ASP</computerlanguage>
    </computerlanguages>
  </employee>
  <employee><employeename>Robert Witherford</employeename><department>Engineering</department>
    <computerlanguages>
      <computerlanguage>C++</computerlanguage>
      <computerlanguage>C</computerlanguage>
      <computerlanguage>C#</computerlanguage>
    </computerlanguages>
  </employee>
  <employee><employeename>Dennis Hammer</employeename><department>Internet</department>
    <computerlanguages>
      <computerlanguage>HTML</computerlanguage>
      <computerlanguage>XML</computerlanguage>
    </computerlanguages>
  </employee>
  <employee><employeename>Jim Miller</employeename><department>Support</department>
    <computerlanguages>
      <computerlanguage>HTML</computerlanguage>
      <computerlanguage>ASP</computerlanguage>
    </computerlanguages>
  </employee>
  <employee><employeename>Walter Duncan</employeename><department>Internet</department>
    <computerlanguages>
      <computerlanguage>ASP</computerlanguage>
      <computerlanguage>XML</computerlanguage>
    </computerlanguages>
  </employee>
  <employee><employeename>Jack Sanford</employeename><department>Sales</department>
    <computerlanguages>
      <computerlanguage>ASP</computerlanguage>
      <computerlanguage>HTML</computerlanguage>
      <computerlanguage>VB</computerlanguage>
      <computerlanguage>JAVA</computerlanguage>
    </computerlanguages>
  </employee>
  <employee><employeename>Mark Henson</employeename><department>Sales</department>
    <computerlanguages>
      <computerlanguage>ADA</computerlanguage>
    </computerlanguages>
  </employee>
  <employee><employeename>Mark Donalds</employeename><department>Internet</department>
    <computerlanguages>
      <computerlanguage>XML</computerlanguage>
      <computerlanguage>HTML</computerlanguage>
    </computerlanguages>
  </employee>
</employees>