<?xml version="1.0"?>
<stylesheetinfo>
	<category>Recursion</category>
	<subcategory/>
	<stylesheetname>ShowSplit</stylesheetname>
	<heading>Splitting one element into many</heading>
	<description>This stylsheet demonstrates recursion by seperating the contents of a single element named &quot;computerlanguages&quot; into a number of child elemements named &quot;computerlanguage&quot;.</description>
	<xslelements>
		<xslelement elementname="xsl:copy-of"/>
		<xslelement elementname="xsl:with-param"/>
		<xslelement elementname="xsl:call-template"/>
		<xslelement elementname="xsl:with-param"/>
		<xslelement elementname="xsl:for-each"/>
		<xslelement elementname="substring-before()"/>
		<xslelement elementname="substring-after()"/>
		<xslelement elementname="contains()"/>
		<xslelement elementname="string-length()"/>
	</xslelements>
	<creationdate>05/16/2001</creationdate>
	<author>David Silverlight</author>
	<emails>
		<email>DSilverlight@Infoteria.com</email>
		<email>HeadGeek@xmlpitstop.com</email>
		<email>DavidSilverlight@hotmail.com</email>
	</emails>
</stylesheetinfo>