<?xml version="1.0"?>
<stylesheetinfo>
	<category>XSLTfuncs</category>
	<subcategory>xsl:output</subcategory>
	<stylesheetname>EmployeesToXML</stylesheetname>
	<heading>Displaying transformation output as XML</heading>
	<description>This stylesheet processes a set of XML elements and 
	displays the result in XML.  This is accomplished using the output method of XMl as
	shown above.  In this example, we are taking the original xml elements and 
	creating a new xml document sorted by name.</description>
	<xslelements>
		<xslelement elementname="xsl:for-each"/>
		<xslelement elementname="xsl:copy-of"/>
		<xslelement elementname="xsl:sort"/>
	</xslelements>
	<creationdate>05/16/2001</creationdate>
	<author>David Silverlight</author>
	<emails>
		<email>DSilverlight@Infoteria.com</email>
		<email>HeadGeek@xmlpitstop.com</email>
		<email>DavidSilverlight@hotmail.com</email>
	</emails>
</stylesheetinfo>