<?xml version="1.0"?>
<stylesheetinfo>
	<category>XSLTfuncs</category>
	<subcategory>xsl:element</subcategory>
	<stylesheetname>CreateEmployeeElements</stylesheetname>
	<heading>Copying Elements</heading>
	<description>This stylesheet processes a set of XML elements as input and creates a new set of xml elements as output.  In this example we are using the several xslt functions along with xsl:element to create two new xml elements(firstname and lastname) from our input as well as creating a third element directly from the xml input (department).</description>
	<xslelements>
		<xslelement elementname="xsl:element"/>
		<xslelement elementname="xsl:variable"/>
		<xslelement elementname="xsl:for-each"/>
		<xslelement elementname="xsl:value-of"/>
	</xslelements>
	<creationdate>05/16/2001</creationdate>
	<author>David Silverlight</author>
	<emails>
		<email>DSilverlight@Infoteria.com</email>
		<email>HeadGeek@xmlpitstop.com</email>
		<email>DavidSilverlight@hotmail.com</email>
	</emails>
</stylesheetinfo>