<?xml version="1.0"?>
<stylesheetinfo>
	<category>XSLTfuncs</category>
	<subcategory>xsl:choose</subcategory>
	<stylesheetname>SpokenLanguages</stylesheetname>
	<heading>Translating spoken language acronyms</heading>
	<description>This stylesheet demonstrates the use of xsl:choose by converting the spoken language acronym stored in the "nativelanguage" element to the correct term displayed in an HTML table. For cases where the language translation is unknown, the actual acronym is used.</description>
	<xslelements>
		<xslelement elementname="xsl:call-template"/>
		<xslelement elementname="xsl:when"/>
		<xslelement elementname="xsl:choose"/>
		<xslelement elementname="xsl:for-each"/>
		<xslelement elementname="xsl:otherwise"/>
	</xslelements>
	<creationdate>05/16/2001</creationdate>
	<author>David Silverlight</author>
	<emails>
		<email>DSilverlight@Infoteria.com</email>
		<email>HeadGeek@xmlpitstop.com</email>
		<email>DavidSilverlight@hotmail.com</email>
	</emails>
</stylesheetinfo>