<?xml version="1.0"?>
<stylesheetinfo>
	<category>XSLTfuncs</category>
	<subcategory>xsl:call-template</subcategory>
	<stylesheetname>CallTemplateByName</stylesheetname>
	<heading>Calling Templates by name</heading>
	<description>This stylesheet demonstrates the use of xsl:call-template() by calling multiple templates by name to display different HTML views of xslt output.</description>
	<xslelements>
		<xslelement elementname="xsl:call-template"/>
		<xslelement elementname="xsl:for-each"/>
	</xslelements>
	<creationdate>05/16/2001</creationdate>
	<author>David Silverlight</author>
	<emails>
		<email>DSilverlight@Infoteria.com</email>
		<email>HeadGeek@xmlpitstop.com</email>
		<email>DavidSilverlight@hotmail.com</email>
	</emails>
</stylesheetinfo>