<?xml version="1.0" encoding="UTF-8"?>

<Contacts>
	<Person>
		<Firstname>John</Firstname>
		<Lastname>Smith</Lastname>
		<Birthday>19650302</Birthday>
		<Company>IBM</Company>
		<Position>CEO</Position>
		<Email>jsmith@ibm.com</Email>
		<Email>jsmith@yahoo.com</Email>
		<addr:Address  xmlns:addr="http://www.somewhere.com/Address/" type="home">
			<Company/>
			<Street>23 Main St</Street>
			<City>Dublin</City>
			<Postcode>4</Postcode>
			<Country/>
		</addr:Address>
		<addr:Address xmlns:addr="http://www.somewhere.com/Address/" type="work">
			<Street>1234 High St</Street>
			<City>Boston</City>
			<ZIP>1234</ZIP>
			<Country>Ireland</Country>
		</addr:Address>
	</Person>
	<Person>
		<Firstname>Tom</Firstname>
		<Lastname>Dunne</Lastname>
		<Company>Today FM</Company>
    	<Position/>
		<Email>tom.dunne@todayfm.com</Email>
	</Person>
</Contacts>