<?xml version="1.0"?>
<stylesheetinfo>
	<category>XSLTfuncs</category>
	<subcategory>xsl:sort</subcategory>
	<stylesheetname>SortByMultiKey</stylesheetname>
	<heading>Sorting elements by a Multi-part key</heading>
	<description>This stylesheet demonstrates the use of xsl:sort()	by sorting Employee Information with Multi-part Keys.</description>
	<xslelements>
		<xslelement elementname="xsl:sort"/>
		<xslelement elementname="xsl:value-of"/>		
		<xslelement elementname="xsl:for-each"/>
	</xslelements>
	<creationdate>05/16/2001</creationdate>
	<author>David Silverlight</author>
	<emails>
		<email>DSilverlight@Infoteria.com</email>
		<email>HeadGeek@xmlpitstop.com</email>
		<email>DavidSilverlight@hotmail.com</email>
	</emails>
</stylesheetinfo>