<?xml version="1.0"?>
<stylesheetinfo>
	<category>XMLtoXML</category>
	<subcategory/>
	<stylesheetname>CreateAttrSubset</stylesheetname>
	<heading>Creating attributes from a subset of elements</heading>
	<description>This stylsheet will create an output of a subset of attributes.  Each element generated
	will contain only two attributes from the original input element (CompanyName and CustomerID).</description>
	<xslelements>
		<xslelement elementname="xsl:attribute"/>
		<xslelement elementname="xsl:value-of"/>
	</xslelements>
	<creationdate>05/16/2001</creationdate>
	<author>David Silverlight</author>
	<emails>
		<email>DSilverlight@Infoteria.com</email>
		<email>HeadGeek@xmlpitstop.com</email>
		<email>DavidSilverlight@hotmail.com</email>
	</emails>
</stylesheetinfo>