<?xml version="1.0"?>
<stylesheetinfo>
	<category>XSLTfuncs</category>
	<subcategory>xsl:param</subcategory>
	<stylesheetname>ListEmployeesTopLevel</stylesheetname>
	<heading>Using Top-level parameters.</heading>
	<description>This stylesheet demonstrates the use of xsl:param to 
	create an HTML table for elements for a specific department.  Top-level parameters can 
	be used	for the stylesheet in cases where the same stylesheet will be called externally with
	different information.</description>
	<xslelements>
		<xslelement elementname="xsl:param"/>
		<xslelement elementname="xsl:value-of"/>		
		<xslelement elementname="xsl:for-each"/>
	</xslelements>
	<creationdate>05/16/2001</creationdate>
	<author>David Silverlight</author>
	<emails>
		<email>DSilverlight@Infoteria.com</email>
		<email>HeadGeek@xmlpitstop.com</email>
		<email>DavidSilverlight@hotmail.com</email>
	</emails>
</stylesheetinfo>