<?xml version="1.0"?>
<stylesheetinfo>
	<category>XSLTfuncs</category>
	<subcategory>xsl:variables</subcategory>
	<stylesheetname>ListEmployeesByDepartment</stylesheetname>
	<heading>Listing Employees per department</heading>
	<description>This stylesheet demonstrates the use of xsl:variable to create an HTML table for elements for a specific department.  The department that will be used for selection will be contained in a variable name $department.</description>
	<xslelements>
		<xslelement elementname="xsl:variable"/>
		<xslelement elementname="xsl:value-of"/>		
		<xslelement elementname="xsl:for-each"/>
	</xslelements>
	<creationdate>05/16/2001</creationdate>
	<author>David Silverlight</author>
	<emails>
		<email>DSilverlight@Infoteria.com</email>
		<email>HeadGeek@xmlpitstop.com</email>
		<email>DavidSilverlight@hotmail.com</email>
	</emails>
</stylesheetinfo>