<?xml version="1.0"?>
<stylesheetinfo>
	<category>TableFormatting</category>
 	<subcategory>ConditionalRows</subcategory>
	<stylesheetname>ConditionalRows</stylesheetname>
	<heading>Customer Listing (Highlighting our German Customers)</heading>
	<description>This XSLT file will display rows of data in an HTML table,  displaying rows where country='Germany' in a different color.</description>
	<xslelements>
		<xslelement elementname="xsl:value-of"/>		
		<xslelement elementname="xsl:for-each"/>
		<xslelement elementname="xsl:choose"/>
		<xslelement elementname="xsl:when"/>
		<xslelement elementname="xsl:attribute"/>
		<xslelement elementname="xsl:otherwise"/>
		<xslelement elementname="count()"/>		
		<xslelement elementname="position()"/>		
	</xslelements>
	<creationdate>05/16/2001</creationdate>
	<author>David Silverlight</author>
	<emails>
		<email>DSilverlight@Infoteria.com</email>
		<email>HeadGeek@xmlpitstop.com</email>
		<email>DavidSilverlight@hotmail.com</email>
	</emails>
</stylesheetinfo>