<?xml version="1.0"?>
<stylesheetinfo>
	<category>XSLTfuncs</category>
	<subcategory>xsl:copy-of</subcategory>
	<stylesheetname>CopyOfInternetEmployees</stylesheetname>
	<heading>Copying Elements with a filter</heading>
	<description>This stylesheet processes a set of XML elements and displays the result in XML. An XPath statement can be applied to the select to copy selected elements to the result tree. In this example, we are outputting only the elements that contain employee elements whose department element = "Internet" </description>
	<xslelements>
		<xslelement elementname="xsl:copy-of"/>
	</xslelements>
	<creationdate>05/16/2001</creationdate>
	<author>David Silverlight</author>
	<emails>
		<email>DSilverlight@Infoteria.com</email>
		<email>HeadGeek@xmlpitstop.com</email>
		<email>DavidSilverlight@hotmail.com</email>
	</emails>
</stylesheetinfo>