<?xml version="1.0"?>
<stylesheetinfo>
	<category>XSLTfuncs</category>
	<subcategory>xsl:attribute</subcategory>
	<stylesheetname>CreateEmployeeAttributes</stylesheetname>
	<heading>Converting attributes to Elements.</heading>
	<description>This stylesheet processes a set of XML elements and uses the xsl:attribute element
	 to generate a new xml file containing atrributes from the original xml document as well as new attributes
	created with xslt functions like a substring-before, substring-after and others.</description>
	<xslelements>
		<xslelement elementname="xsl:attribute"/>
		<xslelement elementname="xsl:element"/>
		<xslelement elementname="substring-before"/>
		<xslelement elementname="substring-after"/>
		<xslelement elementname="xsl:for-each"/>
		<xslelement elementname="xsl:value-of"/>
		<xslelement elementname="xsl:sort"/>
	</xslelements>
	<creationdate>05/16/2001</creationdate>
	<author>David Silverlight</author>
	<emails>
		<email>DSilverlight@Infoteria.com</email>
		<email>HeadGeek@xmlpitstop.com</email>
		<email>DavidSilverlight@hotmail.com</email>
	</emails>
</stylesheetinfo>