<?xml version="1.0"?>
<stylesheetinfo>
	<category>XSLTfuncs</category>
	<subcategory>xsl:param</subcategory>
	<stylesheetname>ListEmployeesWithParam</stylesheetname>
	<heading>Passing parameters to templates.</heading>
	<description>This stylesheet demonstrates the use of the xsl:param element when passing parameters to a template.</description>
	<xslelements>
		<xslelement elementname="xsl:call-template"/>
		<xslelement elementname="xsl:with-param"/>
		<xslelement elementname="xsl:param"/>
		<xslelement elementname="xsl:value-of"/>		
		<xslelement elementname="xsl:for-each"/>
	</xslelements>
	<creationdate>05/16/2001</creationdate>
	<author>David Silverlight</author>
	<emails>
		<email>DSilverlight@Infoteria.com</email>
		<email>HeadGeek@xmlpitstop.com</email>
		<email>DavidSilverlight@hotmail.com</email>
	</emails>
</stylesheetinfo>